year_month,domain,answered_count,median_seconds,p90_seconds
2020-01,AI / ML,17322,1824.2615,242172.6936
2020-01,Fast-Moving Web,22306,1752.339,233036.5205
2020-01,Legacy Stable,26486,2203.482,190148.223
2020-01,Other,54988,6497.68,762379.6459000005
2020-02,AI / ML,17207,1855.493,273667.8673999999
2020-02,Fast-Moving Web,21869,1765.297,196945.04080000022
2020-02,Legacy Stable,26438,2270.41,197748.63109999994
2020-02,Other,53974,6554.542,775026.7269000002
2020-03,AI / ML,19302,2012.595,286404.31070000003
2020-03,Fast-Moving Web,23888,1866.3685,246782.14689999982
2020-03,Legacy Stable,27654,2262.96,195202.88410000008
2020-03,Other,56442,7019.7615000000005,1022152.2197000007
2020-04,AI / ML,23849,1794.236,287908.1584000008
2020-04,Fast-Moving Web,28008,1817.795,237215.83179999987
2020-04,Legacy Stable,31782,2358.2145,204820.5280000009
2020-04,Other,66342,6597.458500000001,877196.0473000003
2020-05,AI / ML,25164,1719.8635,219344.52490000016
2020-05,Fast-Moving Web,29429,1709.65,192816.86300000007
2020-05,Legacy Stable,31197,2475.083,209936.0518000004
2020-05,Other,67436,6256.9735,815164.6265
2020-06,AI / ML,23409,1707.35,232967.30840000015
2020-06,Fast-Moving Web,26902,1686.8184999999999,186298.11410000033
2020-06,Legacy Stable,28638,2488.553,221955.82879999993
2020-06,Other,61877,6590.55,796486.6000000003
2020-07,AI / ML,22644,1791.5335,236031.73420000012
2020-07,Fast-Moving Web,26855,1763.24,228447.05120000037
2020-07,Legacy Stable,27790,2561.425,224404.47140000004
2020-07,Other,59390,6558.478,787927.1363
2020-08,AI / ML,20001,1948.327,227932.413
2020-08,Fast-Moving Web,24275,1769.14,219533.46200000105
2020-08,Legacy Stable,25004,2529.7885,211044.3061000003
2020-08,Other,53271,6835.757,763855.757
2020-09,AI / ML,18665,1866.267,232444.27780000152
2020-09,Fast-Moving Web,22505,1879.616,227129.28080000172
2020-09,Legacy Stable,23453,2527.876,193819.4075999998
2020-09,Other,51907,7244.164,832755.2792000008
2020-10,AI / ML,19589,1743.12,235073.2486000005
2020-10,Fast-Moving Web,22472,1928.08,228006.44530000022
2020-10,Legacy Stable,23486,2455.5665,191110.7585
2020-10,Other,51416,6623.3279999999995,773400.6799999999
2020-11,AI / ML,19011,1718.257,210242.43
2020-11,Fast-Moving Web,20460,1959.7415,236994.62200000082
2020-11,Legacy Stable,22759,2614.867,212855.496
2020-11,Other,48497,6569.203,785414.4988000002
2020-12,AI / ML,18912,1846.867,201182.80900000024
2020-12,Fast-Moving Web,21076,2065.0585,247881.76150000002
2020-12,Legacy Stable,21829,2512.577,221696.08800000037
2020-12,Other,48013,6685.696,837858.9888000006
2021-01,AI / ML,19513,1809.033,198314.35499999975
2021-01,Fast-Moving Web,22453,1994.597,250643.46319999997
2021-01,Legacy Stable,22067,2751.607,197817.77920000022
2021-01,Other,50709,6744.96,774093.9158000011
2021-02,AI / ML,18246,1952.942,232999.508
2021-02,Fast-Moving Web,20053,2286.93,287946.8589999999
2021-02,Legacy Stable,21080,2825.7799999999997,207938.7137000013
2021-02,Other,48134,6826.637,780458.177000001
2021-03,AI / ML,20095,1970.854,257571.95880000023
2021-03,Fast-Moving Web,22505,2237.03,272213.7876000026
2021-03,Legacy Stable,23295,2922.933,221445.96720000068
2021-03,Other,54423,7198.69,878972.3990000015
2021-04,AI / ML,18782,2016.68,244014.25170000043
2021-04,Fast-Moving Web,20970,2089.215,246308.59130000102
2021-04,Legacy Stable,21366,2926.495,226240.67349999998
2021-04,Other,48679,7000.023,837030.786800003
2021-05,AI / ML,18801,1903.1,221692.37
2021-05,Fast-Moving Web,21334,2043.27,223006.44600000005
2021-05,Legacy Stable,20949,3008.314,222626.42320000025
2021-05,Other,47449,6975.644,889601.7168000134
2021-06,AI / ML,17400,1906.017,228155.49770000007
2021-06,Fast-Moving Web,20024,2149.16,261164.02280000033
2021-06,Legacy Stable,20236,2911.5765,249798.422
2021-06,Other,46658,6742.8185,868544.6881000011
2021-07,AI / ML,17143,1928.043,253566.20740000004
2021-07,Fast-Moving Web,19874,2048.225,259278.62620000003
2021-07,Legacy Stable,18785,3281.856,258574.3490000007
2021-07,Other,44080,7022.166499999999,933145.6502999992
2021-08,AI / ML,16558,1903.7615,255175.07320000124
2021-08,Fast-Moving Web,19828,2075.368,260120.3277999993
2021-08,Legacy Stable,18347,3227.5,258928.6938000003
2021-08,Other,44252,7337.2564999999995,923289.4420000003
2021-09,AI / ML,15846,1855.0985,207957.845
2021-09,Fast-Moving Web,19467,2043.977,258792.7336000003
2021-09,Legacy Stable,18310,3119.2035,264111.9470000005
2021-09,Other,43027,7569.817,835217.3402000044
2021-10,AI / ML,16630,1722.4285,197183.94139999998
2021-10,Fast-Moving Web,18649,2137.673,269708.85940000013
2021-10,Legacy Stable,18371,3414.803,273794.8
2021-10,Other,42557,7446.517,867323.3616000006
2021-11,AI / ML,16574,1967.9265,254499.97120000058
2021-11,Fast-Moving Web,17784,2331.8514999999998,344420.60930000007
2021-11,Legacy Stable,18855,3360.193,259128.31200000003
2021-11,Other,41855,7671.724,1004486.9051999995
2021-12,AI / ML,15526,1986.0985,295313.202
2021-12,Fast-Moving Web,17517,2348.046,390048.56859999965
2021-12,Legacy Stable,17311,3499.463,330651.433
2021-12,Other,39379,7889.227,1092480.4660000019
2022-01,AI / ML,16324,2070.9705000000004,267088.31630000024
2022-01,Fast-Moving Web,18782,2468.419,397332.71560000296
2022-01,Legacy Stable,17771,3693.39,296600.61699999997
2022-01,Other,42745,7541.58,1061332.0975999956
2022-02,AI / ML,15824,2036.083,267070.27110000007
2022-02,Fast-Moving Web,17286,2461.1800000000003,475716.802
2022-02,Legacy Stable,16668,3587.675,357928.17820000014
2022-02,Other,41142,7869.847,1234964.5014000018
2022-03,AI / ML,17017,2164.357,377547.8319999998
2022-03,Fast-Moving Web,18430,2657.492,537183.3489000009
2022-03,Legacy Stable,18212,4032.7664999999997,355782.24830000004
2022-03,Other,44022,8916.408500000001,1536765.2707
2022-04,AI / ML,16168,2081.995,319547.6802000002
2022-04,Fast-Moving Web,17617,2419.884,418755.3489999997
2022-04,Legacy Stable,17191,3920.473,357440.317
2022-04,Other,39766,8505.0615,1338590.7685
2022-05,AI / ML,15854,2266.5815,272967.41190000053
2022-05,Fast-Moving Web,17758,2361.317,373723.7320000004
2022-05,Legacy Stable,17596,3772.358,329293.64650000003
2022-05,Other,40615,8461.143,1275333.698999999
2022-06,AI / ML,15306,2294.1135000000004,282416.163
2022-06,Fast-Moving Web,16876,2447.24,421046.875
2022-06,Legacy Stable,16280,4197.6955,327715.0181000002
2022-06,Other,39696,8328.1485,1133024.8195
2022-07,AI / ML,15612,2338.902,248748.19969999988
2022-07,Fast-Moving Web,17179,2369.543,339204.8408000001
2022-07,Legacy Stable,15734,4054.105,316932.1311000001
2022-07,Other,39671,8050.316,924020.187
2022-08,AI / ML,15542,2115.7034999999996,183039.84569999986
2022-08,Fast-Moving Web,17562,2314.9030000000002,326157.2193999997
2022-08,Legacy Stable,15992,4383.469999999999,347065.36499999964
2022-08,Other,40871,7672.583,925464.8640000001
2022-09,AI / ML,14251,2036.75,197249.757
2022-09,Fast-Moving Web,16050,2433.7985,285480.8217000007
2022-09,Legacy Stable,15024,4310.615,273549.49720000057
2022-09,Other,37907,8135.28,892578.3504000001
2022-10,AI / ML,15437,1919.643,189968.81659999976
2022-10,Fast-Moving Web,15650,2397.375,304462.08310000045
2022-10,Legacy Stable,15470,4043.5585,281238.8827
2022-10,Other,37688,7877.397999999999,867325.4002000006
2022-11,AI / ML,15461,2048.69,210622.61
2022-11,Fast-Moving Web,15895,2569.624,330340.2104000007
2022-11,Legacy Stable,15949,4110.567,308865.4856
2022-11,Other,39137,8593.127,872350.0564000001
2022-12,AI / ML,13172,2594.8765000000003,287935.5059999998
2022-12,Fast-Moving Web,14382,3069.242,418961.76859999984
2022-12,Legacy Stable,14191,4681.413,373230.06
2022-12,Other,34513,8661.0,884466.1269999989
2023-01,AI / ML,12279,2601.744,277091.67940000043
2023-01,Fast-Moving Web,13953,3270.52,359877.5698000001
2023-01,Legacy Stable,13918,4884.6085,277003.02390000044
2023-01,Other,35942,8777.555,766672.8377000001
2023-02,AI / ML,10697,2959.77,290170.7707999998
2023-02,Fast-Moving Web,12133,3438.26,357625.31560000003
2023-02,Legacy Stable,12184,5297.7065,324197.6490000001
2023-02,Other,31930,9591.1655,915695.066000001
2023-03,AI / ML,10404,3276.103,361282.4539000001
2023-03,Fast-Moving Web,12090,3770.6485000000002,614173.3793000001
2023-03,Legacy Stable,12754,5257.217000000001,369403.21300000005
2023-03,Other,32322,11089.7,1095127.2546000003
2023-04,AI / ML,8017,4233.504,524923.4200000007
2023-04,Fast-Moving Web,9386,4567.1915,696089.382
2023-04,Legacy Stable,9782,5901.281499999999,352511.4292999999
2023-04,Other,25332,12871.653,1220117.209700002
2023-05,AI / ML,7522,4554.0215,543680.5893000002
2023-05,Fast-Moving Web,9111,4544.09,725939.12
2023-05,Legacy Stable,9246,6520.529500000001,400624.4
2023-05,Other,24619,13666.72,1110542.718
2023-06,AI / ML,7168,4420.7970000000005,613124.2979000007
2023-06,Fast-Moving Web,8342,5081.921,1017841.1477000037
2023-06,Legacy Stable,9025,7113.77,432211.3302
2023-06,Other,23265,15218.404,1388985.707200001
2023-07,AI / ML,7097,4233.04,473823.04080000025
2023-07,Fast-Moving Web,8719,4453.223,711574.9241999992
2023-07,Legacy Stable,8649,6992.99,406667.82339999994
2023-07,Other,22857,14061.867,1266566.1974000013
2023-08,AI / ML,6486,4385.719999999999,662738.0515000001
2023-08,Fast-Moving Web,7908,5159.6565,608927.1382000005
2023-08,Legacy Stable,8202,7177.9215,458019.0200000007
2023-08,Other,22653,13950.4,1301727.8319999995
2023-09,AI / ML,5448,4761.148999999999,572265.5158000003
2023-09,Fast-Moving Web,6759,5419.7,735511.3095999992
2023-09,Legacy Stable,7495,7345.31,350519.2516000001
2023-09,Other,20014,14679.952000000001,1162216.3021000025
2023-10,AI / ML,5556,5395.82,508275.218
2023-10,Fast-Moving Web,6579,6614.367,691253.1985999991
2023-10,Legacy Stable,7586,7272.437,391049.748
2023-10,Other,20277,14712.15,1122876.5702000014
2023-11,AI / ML,5173,5570.697,513117.7180000001
2023-11,Fast-Moving Web,6085,6497.58,659393.2116000006
2023-11,Legacy Stable,7309,7625.58,416762.70799999987
2023-11,Other,18988,15507.9985,1062126.914999999
2023-12,AI / ML,4191,6164.01,609805.1
2023-12,Fast-Moving Web,5572,6071.7915,680069.221100001
2023-12,Legacy Stable,6123,9125.453,481586.73160000006
2023-12,Other,15763,16750.01,1232512.707
2024-01,AI / ML,4855,5644.86,536686.4256000001
2024-01,Fast-Moving Web,6108,5570.13,576828.7312000002
2024-01,Legacy Stable,6490,8671.015,428417.3650000003
2024-01,Other,18310,15808.134999999998,943157.5244000014
2024-02,AI / ML,4706,6827.7135,630576.7250000001
2024-02,Fast-Moving Web,5615,6286.84,621074.6230000001
2024-02,Legacy Stable,6513,7916.62,425166.8158
2024-02,Other,17333,16033.26,1108793.1698000003
2024-03,AI / ML,4595,6279.937,425305.716
2024-03,Fast-Moving Web,5732,7063.306500000001,702047.6044000013
2024-03,Legacy Stable,6286,9239.6265,440092.358
2024-03,Other,16886,16265.392,956538.3015000001
2024-04,AI / ML,4408,7414.222,574212.2969000004
2024-04,Fast-Moving Web,5068,6229.118,549180.2210000012
2024-04,Legacy Stable,5947,8669.53,374829.43340000074
2024-04,Other,15883,17513.99,1070502.074000002
2024-05,AI / ML,4091,7765.42,743939.813
2024-05,Fast-Moving Web,4877,6866.76,583387.5532000005
2024-05,Legacy Stable,5639,9209.62,482513.4363999998
2024-05,Other,14912,18251.738,1113167.1102999998
2024-06,AI / ML,3073,7724.273,609428.3162000008
2024-06,Fast-Moving Web,3888,8404.2405,681644.8037000002
2024-06,Legacy Stable,4411,10526.036,470290.343
2024-06,Other,12038,20696.335,1137924.1998000015
2024-07,AI / ML,3211,7815.584,538156.297
2024-07,Fast-Moving Web,3784,8400.522,580715.1973000005
2024-07,Legacy Stable,4497,9931.333,472898.31820000045
2024-07,Other,12267,20056.923,1034334.2137999996
2024-08,AI / ML,2899,7709.146,462848.3756000013
2024-08,Fast-Moving Web,3361,7486.704,515033.81299999997
2024-08,Legacy Stable,4049,10404.277,385590.16160000046
2024-08,Other,10940,18653.936999999998,920213.0083000001
2024-09,AI / ML,2263,7493.323,508454.0731999999
2024-09,Fast-Moving Web,2789,8412.484,528981.7958000024
2024-09,Legacy Stable,3733,10503.706,400296.95260000083
2024-09,Other,9805,21840.914,950673.8848000007
2024-10,AI / ML,2066,9755.452000000001,671513.4365
2024-10,Fast-Moving Web,2643,7758.0,578956.1578000017
2024-10,Legacy Stable,3718,10377.3815,456772.74880000064
2024-10,Other,9243,21354.934,872504.1416000006
2024-11,AI / ML,1976,8615.0965,520144.0065
2024-11,Fast-Moving Web,2362,9171.607,544716.6853000008
2024-11,Legacy Stable,3182,12046.39,417770.50700000004
2024-11,Other,8090,19404.64,825018.4347000013
2024-12,AI / ML,1644,11156.845000000001,793686.4101000004
2024-12,Fast-Moving Web,1952,9853.722000000002,674842.8404000007
2024-12,Legacy Stable,2606,12074.363,532815.6265
2024-12,Other,7014,22629.561500000003,1117923.9087999992
2025-01,AI / ML,1711,12425.027,954840.563
2025-01,Fast-Moving Web,1992,11068.2335,690458.1807000001
2025-01,Legacy Stable,2726,10601.627,410653.653
2025-01,Other,7253,21288.96,810249.1438000004
2025-02,AI / ML,1415,10648.913,692733.7972
2025-02,Fast-Moving Web,1728,8075.982,454309.03509999975
2025-02,Legacy Stable,2406,10916.49,366619.11199999996
2025-02,Other,6287,21962.837,895596.0196000019
2025-03,AI / ML,1439,11806.92,879353.4418000005
2025-03,Fast-Moving Web,1672,9565.82,522956.3853000003
2025-03,Legacy Stable,2338,13623.9585,427988.16590000055
2025-03,Other,6122,23805.7535,851277.0319
2025-04,AI / ML,1176,8615.632000000001,596184.8119999999
2025-04,Fast-Moving Web,1232,8256.531500000001,478803.66930000007
2025-04,Legacy Stable,1789,11655.973,515922.4502
2025-04,Other,4553,21280.55,796013.1848000013
2025-05,AI / ML,957,10047.233,716822.2191999995
2025-05,Fast-Moving Web,1065,6378.893,301128.8642
2025-05,Legacy Stable,1586,11849.744999999999,423456.0995
2025-05,Other,3866,24534.932999999997,872405.9450000001
2025-06,AI / ML,717,11707.963,782712.1939999994
2025-06,Fast-Moving Web,807,12780.663,451072.39879999985
2025-06,Legacy Stable,1344,11676.5015,637667.3548000006
2025-06,Other,3163,21195.217,922511.1812000014
2025-07,AI / ML,699,7859.057,471476.0980000005
2025-07,Fast-Moving Web,716,8046.621999999999,495556.4255
2025-07,Legacy Stable,1147,12640.003,501234.15000000014
2025-07,Other,2627,17041.353,782199.9884000006
2025-08,AI / ML,514,6511.1865,359989.8110999999
2025-08,Fast-Moving Web,539,8827.986,336635.9774
2025-08,Legacy Stable,888,13425.611499999999,346355.30100000015
2025-08,Other,1933,18770.703,842363.6167999994
2025-09,AI / ML,475,9662.11,855537.5844000005
2025-09,Fast-Moving Web,494,10363.8915,598360.1988
2025-09,Legacy Stable,809,10543.45,368343.55520000006
2025-09,Other,2028,22848.902000000002,950466.1678999997
2025-10,AI / ML,472,8665.8645,442722.46600000054
2025-10,Fast-Moving Web,420,15298.89,618302.4873000004
2025-10,Legacy Stable,730,11850.1485,416976.2236000002
2025-10,Other,1787,20250.01,780591.9132000003
2025-11,AI / ML,396,8639.724999999999,619550.4265000001
2025-11,Fast-Moving Web,374,11710.4045,577733.3249
2025-11,Legacy Stable,675,12764.033,543571.5284000002
2025-11,Other,1376,20495.304,762211.0285
2025-12,AI / ML,307,8106.183,397158.3510000003
2025-12,Fast-Moving Web,289,8511.274,292383.44179999974
2025-12,Legacy Stable,517,11573.67,337840.2028
2025-12,Other,1140,30679.3885,1037208.9593000001
2026-01,AI / ML,253,14557.68,482469.4370000004
2026-01,Fast-Moving Web,279,9810.497,301138.1864000003
2026-01,Legacy Stable,453,10111.01,387737.6876000005
2026-01,Other,967,17244.486,667293.6754
2026-02,AI / ML,179,11283.437,443149.0592000024
2026-02,Fast-Moving Web,210,11008.795,246244.26399999994
2026-02,Legacy Stable,401,11578.09,255024.657
2026-02,Other,748,15820.3415,580408.1379000017
2026-03,AI / ML,163,8729.847,110794.58000000002
2026-03,Fast-Moving Web,158,8988.082999999999,182814.7530000004
2026-03,Legacy Stable,290,9512.8565,140041.84500000012
2026-03,Other,600,15314.563,387478.6864000001
