intercept_coef,intercept_se,intercept_t,intercept_p,trend_coef,trend_se,trend_t,trend_p,level_change_coef,level_change_se,level_change_t,level_change_p,slope_change_coef,slope_change_se,slope_change_t,slope_change_p,r_squared,n_obs,breakpoint_month,metric
163420.247619,2898.695875,56.3772,0.0,-1825.12381,146.593351,-12.4502,0.0,-18960.291115,4067.63935,-4.6613,1.4e-05,-501.737635,189.428654,-2.6487,0.009951,0.97552,75,2022-12,Question Volume
213795.338095,3396.239631,62.9506,0.0,-2472.840056,171.755221,-14.3975,0.0,-22234.039793,4765.82524,-4.6653,1.4e-05,-454.286679,221.942946,-2.0469,0.044374,0.979298,75,2022-12,Answer Volume
109591.9,1765.543767,62.0726,0.0,-1001.010924,89.287386,-11.2111,0.0,-10721.88594,2477.526313,-4.3277,4.8e-05,-807.780445,115.377602,-7.0012,0.0,0.979696,75,2022-12,Active Askers
0.46693,0.003437,135.8655,0.0,-0.002027,0.000174,-11.6642,0.0,-0.014323,0.004823,-2.9699,0.004061,0.000105,0.000225,0.4683,0.641022,0.959174,75,2022-12,Accepted Rate
0.827392,0.006523,126.8519,0.0,-0.001101,0.00033,-3.338,0.001346,0.003383,0.009153,0.3696,0.712751,-0.002274,0.000426,-5.3351,1e-06,0.874013,75,2022-12,Answer Coverage
3063.960874,418.178775,7.3269,0.0,43.457605,21.14821,2.0549,0.043569,2743.317925,586.815766,4.6749,1.4e-05,194.464725,27.327821,7.116,0.0,0.931966,75,2022-12,Time to First Answer (med)
3029.092767,279.983976,10.8188,0.0,32.148661,14.159398,2.2705,0.026214,1747.580804,392.891799,4.448,3.1e-05,226.499251,18.296844,12.3791,0.0,0.964337,75,2022-12,Time to Acceptance (med)
1.042029,0.030951,33.667,0.0,-0.01318,0.001565,-8.4202,0.0,-0.130408,0.043432,-3.0026,0.003694,0.021356,0.002023,10.5585,0.0,0.741964,75,2022-12,Mean Score
2.068956,0.019385,106.7281,0.0,-0.00248,0.00098,-2.5296,0.013642,0.047213,0.027203,1.7356,0.086971,0.010988,0.001267,8.6735,0.0,0.793767,75,2022-12,Mean Comments
